Date,Nom,Delivery,1801105_Usage,59004210_Usage,Total_Usage,Bank_Bal
9/1/16,2894,2790.3948,3250,0,3250,58292.52478
9/2/16,2894,2790.3948,3250,46.6,3296.6,57786.31958
9/3/16,2894,2790.3948,3250,0,3250,57326.71438
9/4/16,2894,2790.3948,3250,0,3250,56867.10918
9/5/16,2894,2790.3948,3250,0,3250,56407.50398
9/6/16,2894,2790.3948,3250,0,3250,55947.89878
9/7/16,2894,2790.3948,3250,0,3250,55488.29358
9/8/16,2894,2790.3948,3250,0,3250,55028.68838
9/9/16,2894,2790.3948,3250,0,3250,54569.08318
9/10/16,2894,2790.3948,3250,0,3250,54109.47798
9/11/16,2894,2790.3948,3250,0,3250,53649.87278
9/12/16,2894,2790.3948,3250,0,3250,53190.26758
9/13/16,2894,2790.3948,3250,0,3250,52730.66238
9/14/16,2894,2790.3948,3250,0,3250,52271.05718
9/15/16,2894,2790.3948,3250,0,3250,51811.45198
9/16/16,2894,2790.3948,3250,0,3250,51351.84678
9/17/16,2894,2790.3948,3250,0,3250,50892.24158
9/18/16,2894,2790.3948,3250,0,3250,50432.63638
9/19/16,2894,2790.3948,3250,0,3250,49973.03118
9/20/16,2894,2790.3948,3250,0,3250,49513.42598
9/21/16,2894,2790.3948,3250,0,3250,49053.82078
9/22/16,2894,2790.3948,3250,0,3250,48594.21558
9/23/16,2894,2790.3948,3250,0,3250,48134.61038
9/24/16,2894,2790.3948,3250,0,3250,47675.00518
9/25/16,2894,2790.3948,3250,0,3250,47215.39998
9/26/16,2894,2790.3948,3250,0,3250,46755.79478
9/27/16,2894,2790.3948,3250,0,3250,46296.18958
9/28/16,2894,2790.3948,3250,0,3250,45836.58438
9/29/16,2894,2790.3948,3250,0,3250,45376.97918
9/30/16,2904,2800.0368,3250,0,3250,44927.01598
8/1/16,3400,3278.28,3274.4,0,3274.4,59610.24978
8/2/16,3400,3278.28,3204.9,0,3204.9,59683.62978
8/3/16,3400,3278.28,3111.6,0,3111.6,59850.30978
8/4/16,3400,3278.28,3056.9,0,3056.9,60071.68978
8/5/16,3400,3278.28,3127.2,0,3127.2,60222.76978
8/6/16,3400,3278.28,3183.7,0,3183.7,60317.34978
8/7/16,3400,3278.28,3179.3,0,3179.3,60416.32978
8/8/16,3400,3278.28,3225.8,0,3225.8,60468.80978
8/9/16,3400,3278.28,3257.8,0,3257.8,60489.28978
8/10/16,3400,3278.28,3182.9,0,3182.9,60584.66978
8/11/16,3400,3278.28,3002.2,0,3002.2,60860.74978
8/12/16,3400,3278.28,3193.6,0,3193.6,60945.42978
8/13/16,3400,3278.28,3166.5,0,3166.5,61057.20978
8/14/16,3400,3278.28,3163.9,0,3163.9,61171.58978
8/15/16,3400,3278.28,3346.2,12.4,3358.6,61091.26978
8/16/16,3400,3278.28,3206.3,0,3206.3,61163.24978
8/17/16,3400,3278.28,3179.2,16.6,3195.8,61245.72978
8/18/16,3400,3278.28,3206.5,0,3206.5,61317.50978
8/19/16,3400,3278.28,3217.5,0,3217.5,61378.28978
8/20/16,3400,3278.28,3340.2,0,3340.2,61316.36978
8/21/16,3400,3278.28,3400.1,0,3400.1,61194.54978
8/22/16,3400,3278.28,3390.9,0,3390.9,61081.92978
8/23/16,3400,3278.28,3369.4,0,3369.4,60990.80978
8/24/16,3400,3278.28,3322,21.7,3343.7,60925.38978
8/25/16,3400,3278.28,3214.5,254.6,3469.1,60734.56978
8/26/16,3400,3278.28,3227.1,217.4,3444.5,60568.34978
8/27/16,3400,3278.28,3325.8,0,3325.8,60520.82978
8/28/16,3400,3278.28,3373.8,33.1,3406.9,60392.20978
8/29/16,3400,3278.28,3350,540.3,3890.3,59780.18978
8/30/16,3400,3278.28,3350,456.4,3806.4,59252.06978
8/31/16,3381,3259.9602,3350,409.9,3759.9,58752.12998
7/1/16,3304,3185.7168,3410.3,0,3410.3,62065.96578
7/2/16,3304,3185.7168,3311.7,0,3311.7,61939.98258
7/3/16,3304,3185.7168,3331.9,0,3331.9,61793.79938
7/4/16,3304,3185.7168,3350.9,0,3350.9,61628.61618
7/5/16,3304,3185.7168,3404.2,0,3404.2,61410.13298
7/6/16,3304,3185.7168,3418.4,0,3418.4,61177.44978
7/7/16,3304,3185.7168,3477.9,0,3477.9,60885.26658
7/8/16,3304,3185.7168,3417.8,0,3417.8,60653.18338
7/9/16,3304,3185.7168,3579.1,0,3579.1,60259.80018
7/10/16,3304,3185.7168,3534.2,0,3534.2,59911.31698
7/11/16,3304,3185.7168,3131.5,0,3131.5,59965.53378
7/12/16,3304,3185.7168,3094.8,0,3094.8,60056.45058
7/13/16,3304,3185.7168,3205.3,0,3205.3,60036.86738
7/14/16,3304,3185.7168,3224.9,0,3224.9,59997.68418
7/15/16,3304,3185.7168,3269.8,0,3269.8,59913.60098
7/16/16,3304,3185.7168,3154.2,0,3154.2,59945.11778
7/17/16,3304,3185.7168,3170.7,0,3170.7,59960.13458
7/18/16,3304,3185.7168,3318.2,0,3318.2,59827.65138
7/19/16,3304,3185.7168,3255.7,0,3255.7,59757.66818
7/20/16,3304,3185.7168,3168.8,0,3168.8,59774.58498
7/21/16,3304,3185.7168,3156.9,0,3156.9,59803.40178
7/22/16,3304,3185.7168,3070.5,0,3070.5,59918.61858
7/23/16,3304,3185.7168,3002.3,0,3002.3,60102.03538
7/24/16,3304,3185.7168,3103.1,0,3103.1,60184.65218
7/25/16,3304,3185.7168,3261.9,0,3261.9,60108.46898
7/26/16,3304,3185.7168,3201,0,3201,60093.18578
7/27/16,3304,3185.7168,3260.3,0,3260.3,60018.60258
7/28/16,3304,3185.7168,3294,0,3294,59910.31938
7/29/16,3304,3185.7168,3317.7,0,3317.7,59778.33618
7/30/16,3304,3185.7168,3292.9,0,3292.9,59671.15298
7/31/16,3304,3185.7168,3250.5,0,3250.5,59606.36978
6/1/16,4237,4085.3154,3642.3,263.1,3905.4,46202.20238
6/2/16,4237,4085.3154,3644.6,78.7,3723.3,46564.21778
6/3/16,4237,4085.3154,3619.9,0,3619.9,47029.63318
6/4/16,4237,4085.3154,3801.1,0,3801.1,47313.84858
6/5/16,4237,4085.3154,3660.7,0,3660.7,47738.46398
6/6/16,4237,4085.3154,3651.3,0,3651.3,48172.47938
6/7/16,4237,4085.3154,3917.2,0,3917.2,48340.59478
6/8/16,4237,4085.3154,3824.7,0,3824.7,48601.21018
6/9/16,4237,4085.3154,3732,9.3,3741.3,48945.22558
6/10/16,4237,4085.3154,3529.5,0,3529.5,49501.04098
6/11/16,4237,4085.3154,3397.1,0,3397.1,50189.25638
6/12/16,4237,4085.3154,3558.6,0,3558.6,50715.97178
6/13/16,4237,4085.3154,3382.9,0,3382.9,51418.38718
6/14/16,4237,4085.3154,3476.3,0,3476.3,52027.40258
6/15/16,4237,4085.3154,3343.8,0,3343.8,52768.91798
6/16/16,4237,4085.3154,3460,0,3460,53394.23338
6/17/16,4237,4085.3154,3511.7,0,3511.7,53967.84878
6/18/16,4237,4085.3154,3419.9,0,3419.9,54633.26418
6/19/16,4237,4085.3154,3449.5,0,3449.5,55269.07958
6/20/16,4237,4085.3154,3383.9,0,3383.9,55970.49498
6/21/16,4237,4085.3154,3422.4,0,3422.4,56633.41038
6/22/16,4237,4085.3154,3681.1,0,3681.1,57037.62578
6/23/16,4237,4085.3154,3554.4,0,3554.4,57568.54118
6/24/16,4237,4085.3154,3465.9,0,3465.9,58187.95658
6/25/16,4237,4085.3154,3350.1,0,3350.1,58923.17198
6/26/16,4237,4085.3154,3374,0,3374,59634.48738
6/27/16,4237,4085.3154,3390.3,0,3390.3,60329.50278
6/28/16,4237,4085.3154,3531.6,0,3531.6,60883.21818
6/29/16,4237,4085.3154,3445.8,0,3445.8,61522.73358
6/30/16,4237,4085.3154,3317.5,0,3317.5,62290.54898
5/1/16,3927,3786.4134,5587.1,0,5587.1,27913.71958
5/2/16,3927,3786.4134,5258.2,0,5258.2,26441.93298
5/3/16,3927,3786.4134,4733.3,0,4733.3,25495.04638
5/4/16,3927,3786.4134,5882.5,0,5882.5,23398.95978
5/5/16,3927,3786.4134,5132.8,0,5132.8,22052.57318
5/6/16,3927,3786.4134,3979.6,0,3979.6,21859.38658
5/7/16,5027,4847.0334,4772.6,0,4772.6,21933.81998
5/8/16,5027,4847.0334,4337.4,0,4337.4,22443.45338
5/9/16,5027,4847.0334,4784.8,0,4784.8,22505.68678
5/10/16,5027,4847.0334,4473.1,0,4473.1,22879.62018
5/11/16,5027,4847.0334,4300,0,4300,23426.65358
5/12/16,5027,4847.0334,4280.6,0,4280.6,23993.08698
5/13/16,5027,4847.0334,4748.6,0,4748.6,24091.52038
5/14/16,4910,4734.222,5883.5,0,5883.5,22942.24238
5/15/16,4910,4734.222,5478.8,0,5478.8,22197.66438
5/16/16,4910,4734.222,4488.5,0,4488.5,22443.38638
5/17/16,5110,4927.062,5155.4,0,5155.4,22215.04838
5/18/16,5110,4927.062,4759.4,0,4759.4,22382.71038
5/19/16,5910,5698.422,4464.4,0,4464.4,23616.73238
5/20/16,5910,5698.422,4282.3,0,4282.3,25032.85438
5/21/16,5910,5698.422,4175.9,0,4175.9,26555.37638
5/22/16,5910,5698.422,4094.9,0,4094.9,28158.89838
5/23/16,5910,5698.422,3735.3,0,3735.3,30122.02038
5/24/16,5110,4927.062,3621.5,0,3621.5,31427.58238
5/25/16,5910,5698.422,3595.3,0,3595.3,33530.70438
5/26/16,5910,5698.422,3699,0,3699,35530.12638
5/27/16,5910,5698.422,3649.9,0,3649.9,37578.64838
5/28/16,5910,5698.422,3588.1,0,3588.1,39688.97038
5/29/16,5910,5698.422,3530.1,0,3530.1,41857.29238
5/30/16,5910,5698.422,3553.1,0,3553.1,44002.61438
5/31/16,5903,5691.6726,3672,0,3672,46022.28698
4/1/16,5105,4922.241,6412.4,0,6412.4,24147.04518
4/2/16,5105,4922.241,7323.2,0,7323.2,21746.08618
4/3/16,5105,4922.241,5926.4,0,5926.4,20741.92718
4/4/16,5105,4922.241,7694.9,0,7694.9,17969.26818
4/5/16,5105,4922.241,6670.7,0,6670.7,16220.80918
4/6/16,5105,4922.241,6025.6,0,6025.6,15117.45018
4/7/16,5105,4922.241,6958.6,0,6958.6,13081.09118
4/8/16,5323,5132.4366,7490.6,0,7490.6,10722.92778
4/9/16,5323,5132.4366,7386.5,0,7386.5,8468.86438
4/10/16,5323,5132.4366,5604.9,0,5604.9,7996.40098
4/11/16,5323,5132.4366,6273.3,0,6273.3,6855.53758
4/12/16,5323,5132.4366,6553.9,0,6553.9,5434.07418
4/13/16,5323,5132.4366,5827.2,0,5827.2,4739.31078
4/14/16,5323,5132.4366,5498.6,0,5498.6,4373.14738
4/15/16,5323,5132.4366,4974.6,0,4974.6,4530.98398
4/16/16,5323,5132.4366,4455.3,0,4455.3,5208.12058
4/17/16,5323,5132.4366,4294.5,0,4294.5,6046.05718
4/18/16,5323,5132.4366,4428.3,0,4428.3,6750.19378
4/19/16,5323,5132.4366,4780.3,0,4780.3,7102.33038
4/20/16,7323,7060.8366,4259.1,0,4259.1,9904.06698
4/21/16,6323,6096.6366,4397.7,0,4397.7,11603.00358
4/22/16,7523,7253.6766,5704.3,0,5704.3,13152.38018
4/23/16,7523,7253.6766,4993.6,0,4993.6,15412.45678
4/24/16,7523,7253.6766,4054.1,0,4054.1,18612.03338
4/25/16,7523,7253.6766,4271.9,0,4271.9,21593.80998
4/26/16,7523,7253.6766,5532.4,0,5532.4,23315.08658
4/27/16,7523,7253.6766,5393.6,0,5393.6,25175.16318
4/28/16,7305,7043.481,5447.9,0,5447.9,26770.74418
4/29/16,7305,7043.481,5516.6,0,5516.6,28297.62518
4/30/16,7305,7043.481,5626.7,0,5626.7,29714.40618
3/1/16,5701,5496.9042,3285.2,5959.1,9244.3,76048.48458
3/2/16,5701,5496.9042,3069.2,5175.9,8245.1,73300.28878
3/3/16,5701,5496.9042,3115.8,5057.8,8173.6,70623.59298
3/4/16,5701,5496.9042,2900.5,4852.6,7753.1,68367.39718
3/5/16,3001,2893.5642,2906.5,4498.3,7404.8,63856.16138
3/6/16,3001,2893.5642,2367.6,3786.6,6154.2,60595.52558
3/7/16,3001,2893.5642,13.3,4802.9,4816.2,58672.88978
3/8/16,5701,5496.9042,11.9,5160.3,5172.2,58997.59398
3/9/16,2401,2315.0442,0,5287.7,5287.7,56024.93818
3/10/16,2401,2315.0442,0,6159,6159,52180.98238
3/11/16,2401,2315.0442,14.2,4165.8,4180,50316.02658
3/12/16,3601,3472.0842,0,5263.9,5263.9,48524.21078
3/13/16,3601,3472.0842,0,5817.1,5817.1,46179.19498
3/14/16,3601,3472.0842,24.7,5700.1,5724.8,43926.47918
3/15/16,2801,2700.7242,0,5145.8,5145.8,41481.40338
3/16/16,3501,3375.6642,0,5635.8,5635.8,39221.26758
3/17/16,3701,3568.5042,2331.4,3155.7,5487.1,37302.67178
3/18/16,4501,4339.8642,6501.9,0,6501.9,35140.63598
3/19/16,4401,4243.4442,6747.9,55.9,6803.8,32580.28018
3/20/16,4401,4243.4442,7035.9,8.3,7044.2,29779.52438
3/21/16,4401,4243.4442,6495,0,6495,27527.96858
3/22/16,6161,5940.4362,5617.4,0,5617.4,27851.00478
3/23/16,6161,5940.4362,6258.89,0,6258.89,27532.55098
3/24/16,6161,5940.4362,7334.465,0,7334.465,26138.52218
3/25/16,6161,5940.4362,6869.198,5.2,6874.398,25204.56038
3/26/16,6161,5940.4362,5922.294,0,5922.294,25222.70258
3/27/16,6161,5940.4362,5519,1,5520,25643.13878
3/28/16,6161,5940.4362,6293.9,35.2,6329.1,25254.47498
3/29/16,6161,5940.4362,5818.2,26.9,5845.1,25349.81118
3/30/16,5328,5137.2576,4741.8,14.5,4756.3,25730.76878
3/31/16,5337,5145.9354,5239.5,0,5239.5,25637.20418
2/1/16,8024,7736.7408,2638.1,4444.3,7082.4,89103.22318
2/2/16,8024,7736.7408,2817.6,4288,7105.6,89734.36398
2/3/16,8024,7736.7408,2859.7,5175,8034.7,89436.40478
2/4/16,8024,7736.7408,2919.9,5334.4,8254.3,88918.84558
2/5/16,8024,7736.7408,3200.6,4892.4,8093,88562.58638
2/6/16,8024,7736.7408,2788.2,4354.2,7142.4,89156.92718
2/7/16,8024,7736.7408,2886.5,4303.5,7190,89703.66798
2/8/16,8024,7736.7408,3328,5509.3,8837.3,88603.10878
2/9/16,8024,7736.7408,3497,6646.8,10143.8,86196.04958
2/10/16,8024,7736.7408,3708,6735.8,10443.8,83488.99038
2/11/16,8024,7736.7408,3432.6,6264.9,9697.5,81528.23118
2/12/16,8024,7736.7408,3936.6,6655.1,10591.7,78673.27198
2/13/16,8024,7736.7408,3655.9,6860,10515.9,75894.11278
2/14/16,8024,7736.7408,3210.8,6796.8,10007.6,73623.25358
2/15/16,8024,7736.7408,2980.5,5750.5,8731,72628.99438
2/16/16,8024,7736.7408,3043.4,5261.9,8305.3,72060.43518
2/17/16,8024,7736.7408,3211.8,5319.9,8531.7,71265.47598
2/18/16,8024,7736.7408,2955.3,4019.9,6975.2,72027.01678
2/19/16,8024,7736.7408,2291.5,3373.1,5664.6,74099.15758
2/20/16,8024,7736.7408,2295.7,3652.5,5948.2,75887.69838
2/21/16,8024,7736.7408,2520.7,4698.9,7219.6,76404.83918
2/22/16,8024,7736.7408,2663.4,4718.6,7382,76759.57998
2/23/16,8024,7736.7408,2758.9,4651.3,7410.2,77086.12078
2/24/16,8024,7736.7408,2940,5054.9,7994.9,76827.96158
2/25/16,8024,7736.7408,2899.8,5205,8104.8,76459.90238
2/26/16,8024,7736.7408,2951.4,4994.9,7946.3,76250.34318
2/27/16,8024,7736.7408,2286.3,3819.2,6105.5,77881.58398
2/28/16,8024,7736.7408,2311.1,3794.3,6105.4,79512.92478
2/29/16,8018,7730.9556,2658,4790,7448,79795.88038
1/1/16,8456,8153.2752,3500.8,5003.5,8504.3,94672.09598
1/2/16,8456,8153.2752,3437.5,4887.7,8325.2,94500.17118
1/3/16,8456,8153.2752,3487.8,5075.9,8563.7,94089.74638
1/4/16,8456,8153.2752,3478.8,5473,8951.8,93291.22158
1/5/16,8490,8186.058,3458.4,5170,8628.4,92848.87958
1/6/16,8456,8153.2752,3266.9,4470,7736.9,93265.25478
1/7/16,8456,8153.2752,3161.9,3717.2,6879.1,94539.42998
1/8/16,8456,8153.2752,2366.4,3899.2,6265.6,96427.10518
1/9/16,8456,8153.2752,2940.5,5215.5,8156,96424.38038
1/10/16,8456,8153.2752,2746.4,6868.9,9615.3,94962.35558
1/11/16,8456,8153.2752,2786.9,5627,8413.9,94701.73078
1/12/16,8456,8153.2752,2532.9,7053.9,9586.8,93268.20598
1/13/16,7595,7323.099,3536.8,6115.1,9651.9,90939.40498
1/14/16,7595,7323.099,2131.3,3960.2,6091.5,92171.00398
1/15/16,8456,8153.2752,2765.1,4765.7,7530.8,92793.47918
1/16/16,8456,8153.2752,3492.5,6181.3,9673.8,91272.95438
1/17/16,8456,8153.2752,3003.7,7149.1,10152.8,89273.42958
1/18/16,8456,8153.2752,3054.7,6843,9897.7,87529.00478
1/19/16,8456,8153.2752,3373.9,6162.6,9536.5,86145.77998
1/20/16,8456,8153.2752,3405.6,6463.5,9869.1,84429.95518
1/21/16,8456,8153.2752,3156.4,5768.7,8925.1,83658.13038
1/22/16,8456,8153.2752,2984.4,5601.2,8585.6,83225.80558
1/23/16,8456,8153.2752,3117.3,5434.7,8552,82827.08078
1/24/16,8456,8153.2752,2983.5,5115.2,8098.7,82881.65598
1/25/16,8456,8153.2752,3536.1,3918.9,7455,83579.93118
1/26/16,8456,8153.2752,3467.4,5056.3,8523.7,83209.50638
1/27/16,8456,8153.2752,2652.4,5080,7732.4,83630.38158
1/28/16,8456,8153.2752,2600.4,4781.2,7381.6,84402.05678
1/29/16,8456,8153.2752,2875.9,4766.7,7642.6,84912.73198
1/30/16,8456,8153.2752,2421.6,3693.4,6115,86951.00718
1/31/16,8456,8153.2752,2664.2,3991.2,6655.4,88448.88238
12/1/15,8149,7857.2658,3642.4,3745.1,7387.5,101152.6266
12/2/15,8149,7857.2658,1443.1,6220.5,7663.6,101346.2924
12/3/15,8149,7857.2658,2398.9,5241.3,7640.2,101563.3582
12/4/15,8149,7857.2658,360.9,6527.6,6888.5,102532.124
12/5/15,8149,7857.2658,0,7013.6,7013.6,103375.7898
12/6/15,8149,7857.2658,0,6409.8,6409.8,104823.2556
12/7/15,8149,7857.2658,0,6786.1,6786.1,105894.4214
12/8/15,8149,7857.2658,0,5974.5,5974.5,107777.1872
12/9/15,6949,6700.2258,0,5570.2,5570.2,108907.213
12/10/15,7249,6989.4858,0,5428.5,5428.5,110468.1988
12/11/15,6849,6603.8058,0,5148.3,5148.3,111923.7046
12/12/15,5149,4964.6658,0,4668.5,4668.5,112219.8704
12/13/15,5149,4964.6658,0,4420.4,4420.4,112764.1362
12/14/15,5149,4964.6658,45.8,5690.1,5735.9,111992.902
12/15/15,4649,4482.5658,453.4,5873.1,6326.5,110148.9678
12/16/15,4649,4482.5658,451,6494.6,6945.6,107685.9336
12/17/15,3149,3036.2658,3555,4634.4,8189.4,102532.7994
12/18/15,8149,7857.2658,3907.9,4839.1,8747,101643.0652
12/19/15,2849,2747.0058,4063.4,4371.8,8435.2,95954.87098
12/20/15,2849,2747.0058,2844.6,3488.7,6333.3,92368.57678
12/21/15,2849,2747.0058,2811.1,3142.3,5953.4,89162.18258
12/22/15,8149,7857.2658,3479.3,2957.2,6436.5,90582.94838
12/23/15,8149,7857.2658,2693.2,3205.4,5898.6,92541.61418
12/24/15,8149,7857.2658,2685.1,4026.4,6711.5,93687.37998
12/25/15,8149,7857.2658,2765.2,4008.8,6774,94770.64578
12/26/15,8149,7857.2658,2657.9,3732.7,6390.6,96237.31158
12/27/15,8149,7857.2658,3017.9,4389.3,7407.2,96687.37738
12/28/15,8149,7857.2658,3309.1,4409,7718.1,96826.54318
12/29/15,8149,7857.2658,3247.5,4736.8,7984.3,96699.50898
12/30/15,8149,7857.2658,3538.6,4978.7,8517.3,96039.47478
12/31/15,8130,7838.946,3560.2,5295.1,8855.3,95023.12078
11/1/15,7000,6749.4,17,4660.2,4677.2,74231.46078
11/2/15,7000,6749.4,3936.3,538.7,4475,76505.86078
11/3/15,7000,6749.4,4166.3,0,4166.3,79088.96078
11/4/15,7000,6749.4,4136.1,0,4136.1,81702.26078
11/5/15,7000,6749.4,4352,0,4352,84099.66078
11/6/15,7000,6749.4,5182.3,0,5182.3,85666.76078
11/7/15,7000,6749.4,5505.1,0,5505.1,86911.06078
11/8/15,7000,6749.4,5529.3,0,5529.3,88131.16078
11/9/15,7000,6749.4,5353.9,0,5353.9,89526.66078
11/10/15,7000,6749.4,5342.9,0,5342.9,90933.16078
11/11/15,7000,6749.4,4956.6,0,4956.6,92725.96078
11/12/15,7000,6749.4,6055.8,0,6055.8,93419.56078
11/13/15,7000,6749.4,6494.2,0,6494.2,93674.76078
11/14/15,7000,6749.4,5139.1,0,5139.1,95285.06078
11/15/15,7000,6749.4,4866.6,0,4866.6,97167.86078
11/16/15,7000,6749.4,5117.7,29,5146.7,98770.56078
11/17/15,7000,6749.4,4715.6,0,4715.6,100804.3608
11/18/15,7000,6749.4,5265.1,0,5265.1,102288.6608
11/19/15,7000,6749.4,7008.3,0,7008.3,102029.7608
11/20/15,7000,6749.4,7072.6,0,7072.6,101706.5608
11/21/15,7000,6749.4,8056.6,130,8186.6,100269.3608
11/22/15,7000,6749.4,7843.8,441.5,8285.3,98733.46078
11/23/15,7000,6749.4,7062.2,487,7549.2,97933.66078
11/24/15,7000,6749.4,6838.3,0,6838.3,97844.76078
11/25/15,7000,6749.4,5536.6,0,5536.6,99057.56078
11/26/15,7000,6749.4,5236.1,0,5236.1,100570.8608
11/27/15,7000,6749.4,6752.5,0,6752.5,100567.7608
11/28/15,7000,6749.4,6981.6,0,6981.6,100335.5608
11/29/15,7000,6749.4,6774,0,6774,100310.9608
11/30/15,7000,6749.4,6377.5,0,6377.5,100682.8608
10/1/15,4786,4614.6612,0,4242.5,4242.5,70848.35198
10/2/15,4786,4614.6612,0,4490.7,4490.7,70972.31318
10/3/15,4786,4614.6612,0,4591,4591,70995.97438
10/4/15,4786,4614.6612,0,4251.8,4251.8,71358.83558
10/5/15,4786,4614.6612,0,4301.4,4301.4,71672.09678
10/6/15,4786,4614.6612,0,4091.5,4091.5,72195.25798
10/7/15,4786,4614.6612,0,4041.9,4041.9,72768.01918
10/8/15,4786,4614.6612,0,3806.2,3806.2,73576.48038
10/9/15,4786,4614.6612,0,4232.2,4232.2,73958.94158
10/10/15,4786,4614.6612,0,4069.8,4069.8,74503.80278
10/11/15,4786,4614.6612,0,3726.5,3726.5,75391.96398
10/12/15,4786,4614.6612,0,4105,4105,75901.62518
10/13/15,4786,4614.6612,0,4460.7,4460.7,76055.58638
10/14/15,4786,4614.6612,1.7,4493.8,4495.5,76174.74758
10/15/15,4786,4614.6612,2.9,4735.7,4738.6,76050.80878
10/16/15,4786,4614.6612,0,5264.1,5264.1,75401.36998
10/17/15,4786,4614.6612,0,5379.9,5379.9,74636.13118
10/18/15,4786,4614.6612,2.5,4909.4,4911.9,74338.89238
10/19/15,4786,4614.6612,38.4,4382.1,4420.5,74533.05358
10/20/15,4786,4614.6612,247.6,3924,4171.6,74976.11478
10/21/15,4786,4614.6612,162.6,3857.9,4020.5,75570.27598
10/22/15,4786,4614.6612,259.3,4295.2,4554.5,75630.43718
10/23/15,4786,4614.6612,269.6,4026.4,4296,75949.09838
10/24/15,4786,4614.6612,0,4575.5,4575.5,75988.25958
10/25/15,4786,4614.6612,0,4813.3,4813.3,75789.62078
10/26/15,4786,4614.6612,0,4624,4624,75780.28198
10/27/15,4786,4614.6612,38.8,4679.9,4718.7,75676.24318
10/28/15,4786,4614.6612,341.1,5371.6,5712.7,74578.20438
10/29/15,4786,4614.6612,427.1,5315.8,5742.9,73449.96558
10/30/15,4786,4614.6612,330.1,4569.2,4899.3,73165.32678
10/31/15,4770,4599.234,0,5605.3,5605.3,72159.26078
9/1/15,3517,3416.0621,0,3240.6,3240.6,70617.80288
9/2/15,3517,3416.0621,0,3139.2,3139.2,70894.66498
9/3/15,3517,3416.0621,0,3062.7,3062.7,71248.02708
9/4/15,3517,3416.0621,0,3117.5,3117.5,71546.58918
9/5/15,3517,3416.0621,0,3183.7,3183.7,71778.95128
9/6/15,3517,3416.0621,0,3055.5,3055.5,72139.51338
9/7/15,3517,3416.0621,0,3062.7,3062.7,72492.87548
9/8/15,3517,3416.0621,0,3181.6,3181.6,72727.33758
9/9/15,3517,3416.0621,0,3309.8,3309.8,72833.59968
9/10/15,3517,3416.0621,0,3324.3,3324.3,72925.36178
9/11/15,3517,3416.0621,0,3461.8,3461.8,72879.62388
9/12/15,3517,3416.0621,0,3524.9,3524.9,72770.78598
9/13/15,3517,3416.0621,0,3426.7,3426.7,72760.14808
9/14/15,3517,3416.0621,0,3318.1,3318.1,72858.11018
9/15/15,3517,3416.0621,0,3290.2,3290.2,72983.97228
9/16/15,3517,3416.0621,0,3275.7,3275.7,73124.33438
9/17/15,3517,3416.0621,0,3474.2,3474.2,73066.19648
9/18/15,3517,3416.0621,0,3568.3,3568.3,72913.95858
9/19/15,3517,3416.0621,0,3529,3529,72801.02068
9/20/15,3517,3416.0621,0,3564.2,3564.2,72652.88278
9/21/15,3517,3416.0621,0,3595.2,3595.2,72473.74488
9/22/15,3517,3416.0621,0,3496,3496,72393.80698
9/23/15,3517,3416.0621,0,3564.2,3564.2,72245.66908
9/24/15,3517,3416.0621,0,3509.4,3509.4,72152.33118
9/25/15,3517,3416.0621,0,3500.1,3500.1,72068.29328
9/26/15,3517,3416.0621,0,3429.8,3429.8,72054.55538
9/27/15,3517,3416.0621,0,3517.7,3517.7,71952.91748
9/28/15,3517,3416.0621,0,3759.6,3759.6,71609.37958
9/29/15,3517,3416.0621,0,3892,3892,71133.44168
9/30/15,3507,3406.3491,0,4063.6,4063.6,70476.19078
8/1/15,3987,3872.5731,0,3042.2,3042.2,50459.93438
8/2/15,3987,3872.5731,0,3040.1,3040.1,51292.40748
8/3/15,3987,3872.5731,0,3085.6,3085.6,52079.38058
8/4/15,3987,3872.5731,0,3134.1,3134.1,52817.85368
8/5/15,3987,3872.5731,0,3236.4,3236.4,53454.02678
8/6/15,3987,3872.5731,0,3156.8,3156.8,54169.79988
8/7/15,3987,3872.5731,0,3048.4,3048.4,54993.97298
8/8/15,3987,3872.5731,0,3133.1,3133.1,55733.44608
8/9/15,3987,3872.5731,0,3138.3,3138.3,56467.71918
8/10/15,3987,3872.5731,0,3232.3,3232.3,57107.99228
8/11/15,3987,3872.5731,0,3247.8,3247.8,57732.76538
8/12/15,3987,3872.5731,0,3198.2,3198.2,58407.13848
8/13/15,3987,3872.5731,0,3231.2,3231.2,59048.51158
8/14/15,3987,3872.5731,0,3155.8,3155.8,59765.28468
8/15/15,3987,3872.5731,0,3089.7,3089.7,60548.15778
8/16/15,3987,3872.5731,0,2980.2,2980.2,61440.53088
8/17/15,3987,3872.5731,0,3148.6,3148.6,62164.50398
8/18/15,3987,3872.5731,0,3279.8,3279.8,62757.27708
8/19/15,3987,3872.5731,0,3324.2,3324.2,63305.65018
8/20/15,3987,3872.5731,0,3295.3,3295.3,63882.92328
8/21/15,3987,3872.5731,0,3283.9,3283.9,64471.59638
8/22/15,3987,3872.5731,0,3152.7,3152.7,65191.46948
8/23/15,3987,3872.5731,0,3225,3225,65839.04258
8/24/15,3987,3872.5731,0,3310.8,3310.8,66400.81568
8/25/15,3987,3872.5731,0,3280.8,3280.8,66992.58878
8/26/15,3987,3872.5731,0,3321.1,3321.1,67544.06188
8/27/15,4047,3930.8511,0,3361.4,3361.4,68113.51298
8/28/15,4047,3930.8511,0,3012.2,3012.2,69032.16408
8/29/15,3987,3872.5731,0,3375.8,3375.8,69528.93718
8/30/15,3987,3872.5731,0,3464.7,3464.7,69936.81028
8/31/15,3985,3870.6305,0,3364.5,3364.5,70442.34078
7/1/15,4005,3890.0565,3633.6,0,3633.6,33421.82278
7/2/15,4005,3890.0565,3465.5,2.1,3467.6,33844.27928
7/3/15,4005,3890.0565,3389.5,0,3389.5,34344.83578
7/4/15,4005,3890.0565,3278.2,0,3278.2,34956.69228
7/5/15,4005,3890.0565,3381.5,9.3,3390.8,35455.94878
7/6/15,4005,3890.0565,3630.8,8.3,3639.1,35706.90528
7/7/15,4005,3890.0565,3389.1,0,3389.1,36207.86178
7/8/15,4005,3890.0565,3552.6,34.1,3586.7,36511.21828
7/9/15,4005,3890.0565,3567.4,120.9,3688.3,36712.97478
7/10/15,4005,3890.0565,3410.3,13.4,3423.7,37179.33128
7/11/15,4005,3890.0565,3443.9,0,3443.9,37625.48778
7/12/15,4005,3890.0565,3472.8,1,3473.8,38041.74428
7/13/15,4005,3890.0565,3405.7,45.5,3451.2,38480.60078
7/14/15,4005,3890.0565,3441.5,98.1,3539.6,38831.05728
7/15/15,4005,3890.0565,3675.7,22.7,3698.4,39022.71378
7/16/15,4005,3890.0565,3636.1,0,3636.1,39276.67028
7/17/15,4005,3890.0565,3336.2,0,3336.2,39830.52678
7/18/15,4005,3890.0565,3224.5,0,3224.5,40496.08328
7/19/15,4005,3890.0565,3293.9,7.2,3301.1,41085.03978
7/20/15,4005,3890.0565,2956.9,507.2,3464.1,41510.99628
7/21/15,4005,3890.0565,72.1,3165.1,3237.2,42163.85278
7/22/15,4005,3890.0565,0,3284.9,3284.9,42769.00928
7/23/15,4005,3890.0565,0,3236.4,3236.4,43422.66578
7/24/15,4005,3890.0565,0,3155.8,3155.8,44156.92228
7/25/15,4005,3890.0565,0,3080.4,3080.4,44966.57878
7/26/15,4005,3890.0565,0,3055.6,3055.6,45801.03528
7/27/15,4005,3890.0565,0,3096.9,3096.9,46594.19178
7/28/15,4005,3890.0565,0,2977.1,2977.1,47507.14828
7/29/15,4005,3890.0565,0,3180.6,3180.6,48216.60478
7/30/15,4005,3890.0565,0,3207.5,3207.5,48899.16128
7/31/15,4000,3885.2,0,3154.8,3154.8,49629.56128
6/1/15,4335,4210.5855,4517,0,4517,15454.95178
6/2/15,4335,4210.5855,3882.1,42.3,3924.4,15741.13728
6/3/15,4335,4210.5855,3688.9,43.3,3732.2,16219.52278
6/4/15,4335,4210.5855,3596.7,0,3596.7,16833.40828
6/5/15,4335,4210.5855,4240.9,2.1,4243,16800.99378
6/6/15,4335,4210.5855,3964.5,0,3964.5,17047.07928
6/7/15,4335,4210.5855,3675.2,0,3675.2,17582.46478
6/8/15,4335,4210.5855,3537.6,0,3537.6,18255.45028
6/9/15,4335,4210.5855,3451.1,0,3451.1,19014.93578
6/10/15,4335,4210.5855,3476.2,0,3476.2,19749.32128
6/11/15,4335,4210.5855,3727.7,0,3727.7,20232.20678
6/12/15,4335,4210.5855,3877.1,0,3877.1,20565.69228
6/13/15,4335,4210.5855,3599,0,3599,21177.27778
6/14/15,4335,4210.5855,3593.5,0,3593.5,21794.36328
6/15/15,4335,4210.5855,3510.3,0,3510.3,22494.64878
6/16/15,4335,4210.5855,3660.5,9.3,3669.8,23035.43428
6/17/15,4335,4210.5855,3560.6,0,3560.6,23685.41978
6/18/15,4335,4210.5855,3558.4,0,3558.4,24337.60528
6/19/15,4335,4210.5855,3739,0,3739,24809.19078
6/20/15,4335,4210.5855,3531.3,0,3531.3,25488.47628
6/21/15,4335,4210.5855,3451.5,0,3451.5,26247.56178
6/22/15,4335,4210.5855,3357.7,0,3357.7,27100.44728
6/23/15,4335,4210.5855,3420.7,0,3420.7,27890.33278
6/24/15,4335,4210.5855,3380.9,0,3380.9,28720.01828
6/25/15,4335,4210.5855,3543.1,0,3543.1,29387.50378
6/26/15,4335,4210.5855,3563.6,0,3563.6,30034.48928
6/27/15,4335,4210.5855,3385.2,0,3385.2,30859.87478
6/28/15,4335,4210.5855,3197.8,0,3197.8,31872.66028
6/29/15,4335,4210.5855,3544.6,0,3544.6,32538.64578
6/30/15,4285,4162.0205,3535.3,0,3535.3,33165.36628
7/1/15,,0,0,0,0,33165.36628
5/1/15,4554,4423.3002,4485.4,0,4485.4,9459.28898
5/2/15,4554,4423.3002,4142,0,4142,9740.58918
5/3/15,4554,4423.3002,3844,0,3844,10319.88938
5/4/15,4554,4423.3002,4100.4,0,4100.4,10642.78958
5/5/15,4554,4423.3002,4753.1,0,4753.1,10312.98978
5/6/15,4554,4423.3002,4129.1,0,4129.1,10607.18998
5/7/15,4554,4423.3002,3661.9,0,3661.9,11368.59018
5/8/15,4554,4423.3002,3806.6,0,3806.6,11985.29038
5/9/15,4554,4423.3002,4833.7,0,4833.7,11574.89058
5/10/15,4554,4423.3002,4809.6,0,4809.6,11188.59078
5/11/15,4554,4423.3002,4217.1,0,4217.1,11394.79098
5/12/15,4554,4423.3002,5133,0,5133,10685.09118
5/13/15,4554,4423.3002,5233.5,0,5233.5,9874.89138
5/14/15,4554,4423.3002,4077,0,4077,10221.19158
5/15/15,4554,4423.3002,3929.8,0,3929.8,10714.69178
5/16/15,4554,4423.3002,3856.7,0,3856.7,11281.29198
5/17/15,4554,4423.3002,3755.3,0,3755.3,11949.29218
5/18/15,4554,4423.3002,4120.8,0,4120.8,12251.79238
5/19/15,4554,4423.3002,5269.3,0,5269.3,11405.79258
5/20/15,4554,4423.3002,5278.6,0,5278.6,10550.49278
5/21/15,4554,4423.3002,4259.6,0,4259.6,10714.19298
5/22/15,4554,4423.3002,4580.3,0,4580.3,10557.19318
5/23/15,4554,4423.3002,3741.6,0,3741.6,11238.89338
5/24/15,4554,4423.3002,3658.3,0,3658.3,12003.89358
5/25/15,4554,4423.3002,3678.5,0,3678.5,12748.69378
5/26/15,4554,4423.3002,3668,0,3668,13503.99398
5/27/15,4554,4423.3002,3616.3,0,3616.3,14310.99418
5/28/15,4554,4423.3002,3590.9,0,3590.9,15143.39438
5/29/15,4554,4423.3002,3534.7,0,3534.7,16031.99458
5/30/15,4554,4423.3002,4458.6,0,4458.6,15996.69478
5/31/15,4555,4424.2715,4659.6,0,4659.6,15761.36628
4/1/15,5016,4872.0408,4642.7,0,4642.7,9143.4946
4/2/15,5016,4872.0408,4668.9,0,4668.9,9346.6354
4/3/15,5016,4872.0408,6451.8,0,6451.8,7766.8762
4/4/15,5016,4872.0408,5402.8,0,5402.8,7236.117
4/5/15,5016,4872.0408,5046.4,0,5046.4,7061.7578
4/6/15,5016,4872.0408,5657.2,0,5657.2,6276.5986
4/7/15,5016,4872.0408,5755.3,48.4,5803.7,5344.9394
4/8/15,5016,4872.0408,4981.1,418.2,5399.3,4817.6802
4/9/15,5016,4872.0408,4734.7,0,4734.7,4955.021
4/10/15,5016,4872.0408,5370.4,0,5370.4,4456.6618
4/11/15,6126,5950.1838,4957.1,0,4957.1,5449.7456
4/12/15,6126,5950.1838,4664.9,0,4664.9,6735.0294
4/13/15,6126,5950.1838,4684.1,0,4684.1,8001.1132
4/14/15,5216,5066.3008,5083.3,0,5083.3,7984.114
4/15/15,5216,5066.3008,5064.6,0,5064.6,7985.8148
4/16/15,5341,5187.7133,4699.9,0,4699.9,8473.6281
4/17/15,5341,5187.7133,4005.6,0,4005.6,9655.7414
4/18/15,5341,5187.7133,4873.2,0,4873.2,9970.2547
4/19/15,5341,5187.7133,4640.6,0,4640.6,10517.368
4/20/15,5341,5187.7133,5658.6,0,5658.6,10046.4813
4/21/15,5341,5187.7133,5833.3,0,5833.3,9400.8946
4/22/15,5341,5187.7133,6238,0,6238,8350.6079
4/23/15,5341,5187.7133,2830.3,0,2830.3,10708.0212
4/24/15,5341,5187.7133,5353.7,0,5353.7,10542.0345
4/25/15,6126,5950.1838,5737.7,0,5737.7,10754.5183
4/26/15,6126,5950.1838,5535.5,0,5535.5,11169.2021
4/27/15,6126,5950.1838,5526.5,0,5526.5,11592.8859
4/28/15,5666,5503.3858,5323.5,0,5323.5,11772.7717
4/29/15,5666,5503.3858,5077.5,0,5077.5,12198.6575
4/30/15,5686,5522.8118,5354.7,0,5354.7,12366.7693
5/1/15,159.6,155.01948,3000.4,0,3000.4,9521.38878
3/1/15,6705,6512.5665,4875.5,4363,9238.5,11861.0148
3/2/15,6705,6512.5665,4094.4,4402.1,8496.5,9877.0813
3/3/15,6705,6512.5665,3945.1,4337.2,8282.3,8107.3478
3/4/15,7580,7362.454,4132.5,5796.4,9928.9,5540.9018
3/5/15,7580,7362.454,4413.9,5783,10196.9,2706.4558
3/6/15,7580,7362.454,4978.3,4110.9,9089.2,979.7098
3/7/15,7580,7362.454,3479.5,3344.3,6823.8,1518.3638
3/8/15,7580,7362.454,3354.8,3589.2,6944,1936.8178
3/9/15,7580,7362.454,2252.9,3663.2,5916.1,3383.1718
3/10/15,7580,7362.454,2135.4,3465.7,5601.1,5144.5258
3/11/15,7580,7362.454,2853.9,3601.5,6455.4,6051.5798
3/12/15,7580,7362.454,2735.7,3097.3,5833,7581.0338
3/13/15,7580,7362.454,2295,2655.8,4950.8,9992.6878
3/14/15,7580,7362.454,2343,3655,5998,11357.1418
3/15/15,7580,7362.454,2252.5,2591,4843.5,13876.0958
3/16/15,7580,7362.454,2488.7,2823.6,5312.3,15926.2498
3/17/15,7580,7362.454,3086.6,4223,7309.6,15979.1038
3/18/15,8320,8081.216,2844.5,3768.2,6612.7,17447.6198
3/19/15,5820,5652.966,2369.6,4000.8,6370.4,16730.1858
3/20/15,5820,5652.966,2668.4,3128.2,5796.6,16586.5518
3/21/15,8320,8081.216,3010.8,3693.1,6703.9,17963.8678
3/22/15,8320,8081.216,6548.1,1157.6,7705.7,18339.3838
3/23/15,8320,8081.216,7987.6,54.5,8042.1,18378.4998
3/24/15,5820,5652.966,6996.3,16.5,7012.8,17018.6658
3/25/15,5820,5652.966,6638.2,1,6639.2,16032.4318
3/26/15,5820,5652.966,7316.8,0,7316.8,14368.5978
3/27/15,5820,5652.966,8237.6,0,8237.6,11783.9638
3/28/15,5820,5652.966,7776.4,0,7776.4,9660.5298
3/29/15,5820,5652.966,6525,0,6525,8788.4958
3/30/15,5820,5652.966,5479.7,0,5479.7,8961.7618
3/31/15,5840,5672.392,5720,0,5720,8914.1538
2/1/15,8378,8137.5514,4740.9,4495.4,9236.3,45624.0307
2/2/15,8378,8137.5514,5217.1,5060.8,10277.9,43483.6821
2/3/15,8378,8137.5514,3861.3,5009.4,8870.7,42750.5335
2/4/15,8378,8137.5514,5031.5,5235.6,10267.1,40620.9849
2/5/15,8378,8137.5514,5097.6,5156.4,10254,38504.5363
2/6/15,8378,8137.5514,4031.9,4448.2,8480.1,38161.9877
2/7/15,8378,8137.5514,2753.9,4018.5,6772.4,39527.1391
2/8/15,8378,8137.5514,3198.4,4891.2,8089.6,39575.0905
2/9/15,8378,8137.5514,3972,4603.4,8575.4,39137.2419
2/10/15,8378,8137.5514,4096.4,4077,8173.4,39101.3933
2/11/15,8378,8137.5514,4705.4,4086.3,8791.7,38447.2447
2/12/15,8378,8137.5514,5040.6,4819.3,9859.9,36724.8961
2/13/15,8378,8137.5514,4664,4529.4,9193.4,35669.0475
2/14/15,8378,8137.5514,5027,6120.7,11147.7,32658.8989
2/15/15,8378,8137.5514,5213.1,5613.9,10827,29969.4503
2/16/15,8378,8137.5514,4589,5774.3,10363.3,27743.7017
2/17/15,8378,8137.5514,4873.5,5500.8,10374.3,25506.9531
2/18/15,8378,8137.5514,5726.4,6051.8,11778.2,21866.3045
2/19/15,8378,8137.5514,5738.7,6199.9,11938.6,18065.2559
2/20/15,8928,8671.7664,4666.7,5598.5,10265.2,16471.8223
2/21/15,8928,8671.7664,4088.4,4788.4,8876.8,16266.7887
2/22/15,8928,8671.7664,4813.6,5771.2,10584.8,14353.7551
2/23/15,8928,8671.7664,5062.1,5952.1,11014.2,12011.3215
2/24/15,8928,8671.7664,4276.2,5105,9381.2,11301.8879
2/25/15,12853,12484.1189,4230.8,5181.1,9411.9,14374.1068
2/26/15,12603,12241.2939,4876.2,5528.6,10404.8,16210.6007
2/27/15,9418,9147.7034,4878.3,5684.8,10563.1,14795.2041
2/28/15,9434,9163.2442,4590.3,4781.2,9371.5,14586.9483
1/1/15,9060,8799.978,4044.1,4759.6,8803.7,75501.2001
1/2/15,9060,8799.978,3858.2,4222,8080.2,76220.9781
1/3/15,9060,8799.978,3918.5,3535.6,7454.1,77566.8561
1/4/15,9060,8799.978,4945.6,5608.1,10553.7,75813.1341
1/5/15,9060,8799.978,5487.4,5998.5,11485.9,73127.2121
1/6/15,8960,8702.848,5188.9,5998.5,11187.4,70642.6601
1/7/15,8960,8702.848,6025.9,6442.3,12468.2,66877.3081
1/8/15,8960,8702.848,5751.7,5954.9,11706.6,63873.5561
1/9/15,8960,8702.848,5721.4,6286.3,12007.7,60568.7041
1/10/15,3960,3846.348,4842.1,5294.2,10136.3,54278.7521
1/11/15,8960,8702.848,4047.6,4720.6,8768.2,54213.4001
1/12/15,8960,8702.848,4510.9,5214.1,9725,53191.2481
1/13/15,8960,8702.848,4625,5588.6,10213.6,51680.4961
1/14/15,13244,12863.8972,4496.5,5382.4,9878.9,54665.4933
1/15/15,7380,7168.194,4296.4,4301,8597.4,53236.2873
1/16/15,7380,7168.194,3810.9,4271.2,8082.1,52322.3813
1/17/15,7280,7071.064,2926.9,4208.7,7135.6,52257.8453
1/18/15,7280,7071.064,3365.8,4094.8,7460.6,51868.3093
1/19/15,7280,7071.064,3412.1,3987,7399.1,51540.2733
1/20/15,7280,7071.064,3418.5,4088.6,7507.1,51104.2373
1/21/15,6730,6536.849,3299.6,4677.5,7977.1,49663.9863
1/22/15,6730,6536.849,3506.8,4561.6,8068.4,48132.4353
1/23/15,7930,7702.409,3648.5,4363.6,8012.1,47822.7443
1/24/15,8040,7809.252,3060.8,4080.4,7141.2,48490.7963
1/25/15,8040,7809.252,4222.9,4507.2,8730.1,47569.9483
1/26/15,8040,7809.252,4252.2,4286.6,8538.8,46840.4003
1/27/15,7840,7614.992,4189.2,4396.4,8585.6,45869.7923
1/28/15,7840,7614.992,3932.8,3834.2,7767,45717.7843
1/29/15,7840,7614.992,4013.9,4187.1,8201,45131.7763
1/30/15,9160,8897.108,4368.2,4254.8,8623,45405.8843
1/31/15,9150,8887.395,3551.7,4018.8,7570.5,46722.7793
12/1/14,8206,7970.4878,4539.5,4336.8,8876.3,89289.7499
12/2/14,8206,7970.4878,5154.7,2918.2,8072.9,89187.3377
12/3/14,8206,7970.4878,4102.4,3082.5,7184.9,89972.9255
12/4/14,8206,7970.4878,4102.4,3082.6,7185,90758.4133
12/5/14,5392,5237.2496,4102.1,3082.5,7184.6,88811.0629
12/6/14,7702,7480.9526,4887.8,2463.1,7350.9,88941.1155
12/7/14,7702,7480.9526,4920.6,2633.2,7553.8,88868.2681
12/8/14,7702,7480.9526,4857.8,2209.9,7067.7,89281.5207
12/9/14,7614,7395.4782,3969.9,3430.7,7400.6,89276.3989
12/10/14,7172,6966.1636,4051.5,3771,7822.5,88420.0625
12/11/14,6972,6771.9036,4172,3944.2,8116.2,87075.7661
12/12/14,6972,6771.9036,4001.8,3109.9,7111.7,86735.9697
12/13/14,6872,6674.7736,3330.7,2399.5,5730.2,87680.5433
12/14/14,6872,6674.7736,2629.4,2822.9,5452.3,88903.0169
12/15/14,6872,6674.7736,2530.1,3316.9,5847,89730.7905
12/16/14,6472,6286.2536,3579.8,3601.9,7181.7,88835.3441
12/17/14,8206,7970.4878,4854.3,3490.1,8344.4,88461.4319
12/18/14,8206,7970.4878,4770.8,3386.6,8157.4,88274.5197
12/19/14,6484,6297.9092,4319.1,3367.1,7686.2,86886.2289
12/20/14,6484,6297.9092,4058.2,3369.2,7427.4,85756.7381
12/21/14,6484,6297.9092,3984.9,3338.4,7323.3,84731.3473
12/22/14,6484,6297.9092,3166.9,3146.8,6313.7,84715.5565
12/23/14,6484,6297.9092,2784.6,3273.9,6058.5,84954.9657
12/24/14,6472,6286.2536,2888.5,3940.1,6828.6,84412.6193
12/25/14,6472,6286.2536,2509.3,4121.5,6630.8,84068.0729
12/26/14,6472,6286.2536,2533.6,3084.2,5617.8,84736.5265
12/27/14,6472,6286.2536,3526.2,3765.9,7292.1,83730.6801
12/28/14,6472,6286.2536,4513.9,3357.9,7871.8,82145.1337
12/29/14,6472,6286.2536,5099,3573.2,8672.2,79759.1873
12/30/14,8206,7970.4878,5750.3,4403.4,10153.7,77575.9751
12/31/14,8190,7954.947,4530.5,5495.5,10026,75504.9221
11/1/14,6299,6118.2187,0,6433.792,6433.792,72187.5946
11/2/14,6299,6118.2187,0,5330.944,5330.944,72974.8693
11/3/14,6299,6118.2187,565.76,3973.12,4538.88,74554.208
11/4/14,6299,6118.2187,0,5219.328,5219.328,75453.0987
11/5/14,6299,6118.2187,0,4587.52,4587.52,76983.7974
11/6/14,6299,6118.2187,279.142,5935.104,6214.246,76887.7701
11/7/14,6299,6118.2187,0,5777.408,5777.408,77228.5808
11/8/14,12394,12038.2922,0,5968.896,5968.896,83297.977
11/9/14,12394,12038.2922,109.875,5187.584,5297.459,90038.8102
11/10/14,12394,12038.2922,1878.322,2711.552,4589.874,97487.2284
11/11/14,6394,6210.4922,2707.149,4326.4,7033.549,96664.1716
11/12/14,6394,6210.4922,2828.084,4033.536,6861.62,96013.0438
11/13/14,6394,6210.4922,4287.59,3770.3683,8057.9583,94165.5777
11/14/14,6394,6210.4922,4219.802,4090.88,8310.682,92065.3879
11/15/14,6349,6166.7837,2593.996,5410.816,8004.812,90227.3596
11/16/14,6349,6166.7837,2605.875,5679.104,8284.979,88109.1643
11/17/14,6349,6166.7837,3315.917,5859.328,9175.245,85100.703
11/18/14,8849,8595.0337,3286.528,5587.968,8874.496,84821.2407
11/19/14,8849,8595.0337,3690.394,5076.992,8767.386,84648.8884
11/20/14,8849,8595.0337,3215.156,5381.12,8596.276,84647.6461
11/21/14,8849,8595.0337,3213.107,4184.064,7397.171,85845.5088
11/22/14,8849,8595.0337,3083.264,2516.992,5600.256,88840.2865
11/23/14,8849,8595.0337,2910.311,2437.12,5347.431,92087.8892
11/24/14,8849,8595.0337,5175.706,2991.104,8166.81,92516.1129
11/25/14,8849,8595.0337,5069.107,3409.92,8479.027,92632.1196
11/26/14,7249,7040.9537,5104.129,3097.6,8201.729,91471.3443
11/27/14,7249,7040.9537,4436.275,4299.776,8736.051,89776.247
11/28/14,7249,7040.9537,4520.755,3196.928,7717.683,89099.5177
11/29/14,7249,7040.9537,2654.617,2846.72,5501.337,90639.1344
11/30/14,7229,7021.5277,2941.1,4524,7465.1,90195.5621
10/1/14,5249,5098.3537,433.05,3086.336,3519.386,59941.2597
10/2/14,4968,4825.4184,676.659,3020.8,3697.459,61069.2191
10/3/14,4968,4825.4184,0,4549.632,4549.632,61345.0055
10/4/14,4968,4825.4184,0,5146.624,5146.624,61023.7999
10/5/14,4968,4825.4184,0,4404.224,4404.224,61444.9943
10/6/14,4968,4825.4184,0,4321.28,4321.28,61949.1327
10/7/14,4968,4825.4184,0,4249.6,4249.6,62524.9511
10/8/14,4968,4825.4184,47.821,4195.328,4243.149,63107.2205
10/9/14,4968,4825.4184,8.909,4336.64,4345.549,63587.0899
10/10/14,4968,4825.4184,0,4301.824,4301.824,64110.6843
10/11/14,4968,4825.4184,15.36,4283.392,4298.752,64637.3507
10/12/14,4968,4825.4184,11.264,3786.752,3798.016,65664.7531
10/13/14,4968,4825.4184,396.492,3383.296,3779.788,66710.3835
10/14/14,4968,4825.4184,386.253,3524.608,3910.861,67624.9409
10/15/14,4968,4825.4184,28.877,4059.136,4088.013,68362.3463
10/16/14,4968,4825.4184,592.487,3650.56,4243.047,68944.7177
10/17/14,4968,4825.4184,0,4192.256,4192.256,69577.8801
10/18/14,4968,4825.4184,0,5078.016,5078.016,69325.2825
10/19/14,4968,4825.4184,0,4439.04,4439.04,69711.6609
10/20/14,4968,4825.4184,448.819,3913.728,4362.547,70174.5323
10/21/14,4968,4825.4184,695.809,4220.928,4916.737,70083.2137
10/22/14,4968,4825.4184,494.9,4544.512,5039.412,69869.2201
10/23/14,4968,4825.4184,14.131,4189.184,4203.315,70491.3235
10/24/14,4968,4825.4184,7.988,3806.208,3814.196,71502.5459
10/25/14,5018,4873.9834,0,4075.52,4075.52,72301.0093
10/26/14,5018,4873.9834,0,4043.776,4043.776,73131.2167
10/27/14,5018,4873.9834,163.02,3639.296,3802.316,74202.8841
10/28/14,5018,4873.9834,653.619,4074.496,4728.115,74348.7525
10/29/14,5018,4873.9834,0,4878.336,4878.336,74344.3999
10/30/14,5018,4873.9834,0,5073.92,5073.92,74144.4633
10/31/14,5002,4858.4426,45.466,6454.272,6499.738,72503.1679
9/1/14,4206,4084.026,0,3086.391,3086.391,39237.293
9/2/14,4206,4084.026,26.803,3086.391,3113.194,40208.125
9/3/14,4206,4084.026,39.284,3026.034,3065.318,41226.833
9/4/14,4206,4084.026,0,3131.403,3131.403,42179.456
9/5/14,4206,4084.026,0,3192.783,3192.783,43070.699
9/6/14,4206,4084.026,0,3188.691,3188.691,43966.034
9/7/14,4206,4084.026,5.115,3175.392,3180.507,44869.553
9/8/14,4206,4084.026,22.199,3181.53,3203.729,45749.85
9/9/14,4206,4084.026,302.296,3019.896,3322.192,46511.684
9/10/14,4206,4084.026,311.094,3185.622,3496.716,47098.994
9/11/14,4206,4084.026,0,3703.26,3703.26,47479.76
9/12/14,4206,4084.026,17.8,3988.677,4006.477,47557.309
9/13/14,4206,4084.026,0,3700.191,3700.191,47941.144
9/14/14,4206,4084.026,0.716,3445.464,3446.18,48578.99
9/15/14,4206,4084.026,455.951,3369.762,3825.713,48837.303
9/16/14,4206,4084.026,0.205,3486.384,3486.589,49434.74
9/17/14,4206,4084.026,0,3547.764,3547.764,49971.002
9/18/14,4206,4084.026,0,3571.293,3571.293,50483.735
9/19/14,4206,4084.026,0,3371.808,3371.808,51195.953
9/20/14,4206,4084.026,0,3356.463,3356.463,51923.516
9/21/14,4206,4084.026,0,3575.385,3575.385,52432.157
9/22/14,4206,4084.026,0,3601.983,3601.983,52914.2
9/23/14,4206,4084.026,0,3389.199,3389.199,53609.027
9/24/14,4206,4084.026,0,3372.831,3372.831,54320.222
9/25/14,4206,4084.026,1.024,3390.222,3391.246,55013.002
9/26/14,4206,4084.026,0,3303.267,3303.267,55793.761
9/27/14,4206,4084.026,0,3295.083,3295.083,56582.704
9/28/14,4206,4084.026,0,3340.1,3340.1,57326.63
9/29/14,4206,4084.026,0.5,3483.3,3483.8,57926.856
9/30/14,4216,4093.736,83.9,3574.4,3658.3,58362.292
8/1/14,4012,3895.652,0,3195.852,3195.852,17207.72
8/2/14,4017,3900.507,0,3118.104,3118.104,17990.123
8/3/14,4017,3900.507,0,3236.772,3236.772,18653.858
8/4/14,4017,3900.507,0,3298.152,3298.152,19256.213
8/5/14,4017,3900.507,0,3369.762,3369.762,19786.958
8/6/14,4017,3900.507,0,3302.244,3302.244,20385.221
8/7/14,4017,3900.507,7.469,3234.726,3242.195,21043.533
8/8/14,4017,3900.507,12.89,3208.128,3221.018,21723.022
8/9/14,4017,3900.507,0,3249.048,3249.048,22374.481
8/10/14,4017,3900.507,0,3314.52,3314.52,22960.468
8/11/14,4017,3900.507,0,3299.175,3299.175,23561.8
8/12/14,4017,3900.507,0,3334.98,3334.98,24127.327
8/13/14,4017,3900.507,0,3231.657,3231.657,24796.177
8/14/14,4017,3900.507,0,3266.439,3266.439,25430.245
8/15/14,4017,3900.507,0,3150.84,3150.84,26179.912
8/16/14,4017,3900.507,0,3230.634,3230.634,26849.785
8/17/14,4017,3900.507,0,3318.612,3318.612,27431.68
8/18/14,4017,3900.507,0,3305.313,3305.313,28026.874
8/19/14,4017,3900.507,0,3293.037,3293.037,28634.344
8/20/14,4017,3900.507,0,3076.161,3076.161,29458.69
8/21/14,4017,3900.507,0,3167.208,3167.208,30191.989
8/22/14,4017,3900.507,0,3076.161,3076.161,31016.335
8/23/14,4017,3900.507,0,3048.54,3048.54,31868.302
8/24/14,4017,3900.507,0.205,3046.494,3046.699,32722.11
8/25/14,4017,3900.507,19.232,3119.127,3138.359,33484.258
8/26/14,4017,3900.507,16.061,3146.748,3162.809,34221.956
8/27/14,4017,3900.507,0,3139.587,3139.587,34982.876
8/28/14,4017,3900.507,15.55,3141.633,3157.183,35726.2
8/29/14,4017,3900.507,314.164,2862.354,3176.518,36450.189
8/30/14,4017,3900.507,0,3059.793,3059.793,37290.903
8/31/14,4005,3888.855,0,2940.1,2940.1,38239.658
7/1/14,3367,3269.357,0,3153.909,3153.909,10514.448
7/2/14,3367,3269.357,0,3377.946,3377.946,10405.859
7/3/14,3367,3269.357,0,3433.188,3433.188,10242.028
7/4/14,3367,3269.357,0,3264.393,3264.393,10246.992
7/5/14,3367,3269.357,0,3069,3069,10447.349
7/6/14,3367,3269.357,0,3166.185,3166.185,10550.521
7/7/14,3367,3269.357,0,3233.703,3233.703,10586.175
7/8/14,3367,3269.357,0,3307.359,3307.359,10548.173
7/9/14,3367,3269.357,0,3323.727,3323.727,10493.803
7/10/14,3367,3269.357,0,3311.451,3311.451,10451.709
7/11/14,3367,3269.357,0,3165.162,3165.162,10555.904
7/12/14,3367,3269.357,0,3349.302,3349.302,10475.959
7/13/14,3367,3269.357,0,3237.795,3237.795,10507.521
7/14/14,3367,3269.357,0,3361.578,3361.578,10415.3
7/15/14,3367,3269.357,0,3466.947,3466.947,10217.71
7/16/14,3367,3269.357,0,3383.061,3383.061,10104.006
7/17/14,3362,3264.502,0,3276.669,3276.669,10091.839
7/18/14,3362,3264.502,0,3275.646,3275.646,10080.695
7/19/14,3362,3264.502,0,3213.243,3213.243,10131.954
7/20/14,3362,3264.502,0,3269.508,3269.508,10126.948
7/21/14,3362,3264.502,0,3189.714,3189.714,10201.736
7/22/14,3362,3264.502,0,3116.058,3116.058,10350.18
7/23/14,4172,4051.012,0,3265.416,3265.416,11135.776
7/24/14,4172,4051.012,0,3223.473,3223.473,11963.315
7/25/14,3122,3031.462,0,3197.898,3197.898,11796.879
7/26/14,4172,4051.012,0,3239.841,3239.841,12608.05
7/27/14,4172,4051.012,0,3177.438,3177.438,13481.624
7/28/14,4172,4051.012,0,3321.7,3321.7,14210.936
7/29/14,4172,4051.012,0,3281.8,3281.8,14980.148
7/30/14,4172,4051.012,0,3267.5,3267.5,15763.66
7/31/14,4160,4039.36,0,3295.1,3295.1,16507.92
6/1/14,2580,2505.18,3289.661,0,3289.661,18949.418
6/2/14,2580,2505.18,3497.33,0,3497.33,17957.268
6/3/14,2580,2505.18,3372.422,12.276,3384.698,17077.75
6/4/14,2580,2505.18,3569.963,0,3569.963,16012.967
6/5/14,2580,2505.18,3525.769,0,3525.769,14992.378
6/6/14,2580,2505.18,3349.404,0,3349.404,14148.154
6/7/14,2580,2505.18,3350.53,0,3350.53,13302.804
6/8/14,2580,2505.18,3527.918,0,3527.918,12280.066
6/9/14,2580,2505.18,3557.482,40.92,3598.402,11186.844
6/10/14,2580,2505.18,3749.806,617.892,4367.698,9324.326
6/11/14,2580,2505.18,3581.83,29.667,3611.497,8218.009
6/12/14,2580,2505.18,3488.635,27.621,3516.256,7206.933
6/13/14,2580,2505.18,3488.532,10.23,3498.762,6213.351
6/14/14,2580,2505.18,3308.177,53.196,3361.373,5357.158
6/15/14,2580,2505.18,3426.539,0,3426.539,4435.799
6/16/14,2580,2505.18,3423.265,108.438,3531.703,3409.276
6/17/14,2580,2505.18,2510.34,870.573,3380.913,2533.543
6/18/14,2580,2505.18,3337.742,320.199,3657.941,1380.782
6/19/14,2580,2505.18,2949.513,521.73,3471.243,414.719
6/20/14,2580,2505.18,3409.046,23.529,3432.575,0
6/21/14,2580,2505.18,3340.914,167.772,3508.686,0
6/22/14,2580,2505.18,3257.13,497.178,3754.308,0
6/23/14,2580,2505.18,29.769,3461.832,3491.601,0
6/24/14,4384,4256.864,0,3332.934,3332.934,923.93
6/25/14,4384,4256.864,0,3387.153,3387.153,1793.641
6/26/14,4384,4256.864,0,3363.624,3363.624,2686.881
6/27/14,4384,4256.864,0,3318.612,3318.612,3625.133
6/28/14,4384,4256.864,0,3184.599,3184.599,4697.398
6/29/14,4384,4256.864,0,3231.657,3231.657,5722.605
6/30/14,4384,4256.864,0,3331.911,3331.911,10399.258